title,source,datetime,link,text
Polisi Masih Cari Pemuka Agama Tersangka Kasus Pelecehan Seksual di Tangerang,Kompas.com,01/03/2022,https://megapolitan.kompas.com/read/2022/03/01/23504731/polisi-masih-cari-pemuka-agama-tersangka-kasus-pelecehan-seksual-di,"

TANGERANG, KOMPAS.com - Polres Metro Tangerang Kota terus mencari keberadaan tersangka kasus pelecehan seksual sekaligus pemuka agama bernama Ahmad Saiful.
Saiful, warga RT02/RW03, Cipete, Pinang, Kota Tangerang, diduga melecehkan dua murid perempuannya yang masih di bawah umur pada April 2021.
Saiful kabur dari kediamannya setelah ditetapkan sebagai tersangka kasus pelecehan seksual.
""Masih terus kita lakukan pencarian,"" ungkap Kapolres Metro Tangerang Kota Kombes Pol Komarudin, melalui rekaman yang diterima Kompas.com, Selasa (1/3/2022).
Baca juga: Jadi Tersangka Kasus Pelecehan, Pemuka Agama di Pinang Kabur dari Rumahnya
Polres Metro Tangerang Kota, kata Komarudin, telah menyebarkan informasi soal pencarian Saiful ke polres di sekitar Kota Tangerang sekaligus Polda Metro Jaya.
""Siapa pun yang sudah ditetapkan sebagai DPO (dicari pencarian orang), tentunya akan kita lakukan pencarian dengan melibatkan seluruh jajaran,"" paparnya.
""Karena sudah kita sebarkan ke satuan-satuan yang lain, satuan polres-polres samping, termasuk Polda Metro Jaya,"" sambung dia.
Komarudin juga meminta kepada warga agar melapor ke kepolisian jika mengetahui keberadaan Saiful.
""Masyarakat kalau memang tahu, sampaikan kepada kami, akan kami lakukan penangkapan,"" ucapnya.
Baca juga: Marak Kasus Pelecehan Anak oleh Pemuka Agama, Pembekalan Kesadaran untuk Anak Penting
Kasi Humas Polres Metro Tangerang Kota Kompol Abdul Rachim sebelumnya menyampaikan soal kaburnya Saiful dari rumah.
""Yang bersangkutan kabur dari rumah, sedang dilakukan pengejaran,"" ungkapnya kepada wartawan, pada 19 Desember 2021.
Lantaran melecehkan dua murid perempuannya, Saiful diduga melanggar Pasal 83 UU RI Nomor 7 Tahun 2016 tentang Penetapan PP Pengganti UU Nomor 1 Tahun 2016 tentang Perubahan Kedua Atas UU Nomor 23 Tahun 2002 tentang Perlindungan Anak.
Saiful ditetapkan sebagai tersangka kasus pelecehan seksual pada 14 Desember 2021.
Dapatkan update berita pilihan dan breaking news setiap hari dari Kompas.com. Mari bergabung di Grup Telegram ""Kompas.com News Update"", caranya klik link https://t.me/kompascomupdate, kemudian join. Anda harus install aplikasi Telegram terlebih dulu di ponsel.
"
"UPDATE 1 Maret: Bertambah 3.634, Kasus Covid-19 di Jakarta Kini 1.178.473",Kompas.com,01/03/2022,https://megapolitan.kompas.com/read/2022/03/01/23385331/update-1-maret-bertambah-3634-kasus-covid-19-di-jakarta-kini-1178473,"

JAKARTA, KOMPAS.com - Kasus Covid-19 di DKI Jakarta bertambah 3.634 orang, pada Selasa (1/3/2022).
Dengan demikian, total kasus Covid-19 di Ibu Kota kini mencapai 1.178.473, terhitung sejak Maret 2020.
""Kami turut mengimbau agar masyarakat juga mewaspadai penularan varian Omicron yang kini juga meningkat di Jakarta,"" kata Kepala Bidang Pencegahan dan Pengendalian Penyakit Dinas Kesehatan Provinsi DKI Jakarta Dwi Oktavia, melalui keterangan tertulis, Selasa.
Baca juga: Jumlah Pasien Covid-19 Tanpa Gejala di Graha Wisata Ragunan Menurun
Sementara itu, jumlah kasus aktif di Jakarta hari ini mengalami turun sebanyak 1.967, sehingga jumlah kasus aktif kini sebanyak 37.775.
Kasus aktif ialah pasien Covid-19 yang sedang menjalani perawatan, baik di rumah sakit dan isolasi mandiri ataupun terpusat.
Dari jumlah kasus positif, sebanyak 1.126.008 dinyatakan sembuh dari Covid-19 dengan tingkat kesembuhan 95,5 persen.
Kemudian, kasus kematian akibat Covid-19 mencapai 14.690 jiwa. Tingkat kematian di jakarta mencapai 1,2 persen, sedangkan tingkat kematian secara nasional sebesar 2,7 persen.
Baca juga: Dinkes DKI: 1.273.534 Orang Sudah Divaksinasi Covid-19 Dosis Ketiga
Positivity rate atau persentase kasus positif sepekan terakhir di Jakarta sebesar 13,9 persen, sedangkan persentase kasus positif secara total sebesar 12,1 persen.
""WHO juga menetapkan standar persentase kasus positif tidak lebih dari 5 persen,"" ujar dia.
Dapatkan update berita pilihan dan breaking news setiap hari dari Kompas.com. Mari bergabung di Grup Telegram ""Kompas.com News Update"", caranya klik link https://t.me/kompascomupdate, kemudian join. Anda harus install aplikasi Telegram terlebih dulu di ponsel.
"
"Progres Proyek MRT Fase 2A Bundaran HI-Harmoni Capai 34,58 Persen",Kompas.com,01/03/2022,https://megapolitan.kompas.com/read/2022/03/01/23314731/progres-proyek-mrt-fase-2a-bundaran-hi-harmoni-capai-3458-persen,"

JAKARTA, KOMPAS.com - Direktur Konstruksi PT MRT Jakarta, Silvia Halim mengatakan, progres pembangunan MRT fase 2A dengan rute Bundaran HI-Harmoni sudah mencapai 34,58 persen. Menurut dia, pengerjaan proyek MRT berjalan sesuai rencana.
""Untuk CP201 ya progresnya saat ini per 25 februari itu sudah sampai di 34,58 persen,"" kata Silvia, dalam diskusi daring, Selasa (1/3/2022).
Baca juga: Diresmikan Jokowi, Mesin Bor Raksasa Buat Terowongan MRT dari Bundaran HI sampai Stasiun Thamrin
Silvia menjelaskan, fokus dari pengerjaan proyek ini adalah meneruskan pembangunan dari Stasiun Thamrin dan Stasiun Monas.
Serta juga sudah mulai pembangunan terowongan atau tunneling dari titik akhir di bundaran HI menuju Stasiun Thamrin.
""Untuk pembangunan di stasiun thamrin itu sendiri basically kita meneruskan pembangunan,"" ujar dia.
Dilansir dari Kompas.tv, Gubernur DKI Jakarta Anies Baswedan mengaku bangga karena proyek MRT Jakarta fase 2A dikerjakan oleh 100 persen anak bangsa.
Baca juga: Presiden Jokowi Resmikan Peluncuran Mesin BOR Terowongan Fase 2A MRT, Penggalian Berlangsung 4 Bulan
Hal itu itu disampaikan Anies melalui akun Instagramnya pada Jumat (25/2/2022).
“Bangga! Sebuah proyek konstruksi canggih dengan kerumitan tinggi, tapi yang mengerjakan adalah 100 persen anak-anak bangsa, hasil pendidikan di Indonesia,” kata Anies.
“Kita titipkan harapan dan masa depan bangsa pada anak-anak muda ini,” tambahnya.
Dapatkan update berita pilihan dan breaking news setiap hari dari Kompas.com. Mari bergabung di Grup Telegram ""Kompas.com News Update"", caranya klik link https://t.me/kompascomupdate, kemudian join. Anda harus install aplikasi Telegram terlebih dulu di ponsel.
"
"Pasca-kasus Ayah Perkosa Anak Kandung, Predikat Kota Layak Anak di Depok Akan Dievaluasi",Kompas.com,01/03/2022,https://megapolitan.kompas.com/read/2022/03/01/23144011/pasca-kasus-ayah-perkosa-anak-kandung-predikat-kota-layak-anak-di-depok,"

DEPOK, KOMPAS.com - Menteri Pemberdayaan Perempuan dan Perlindungan Anak (PPPA) I Gusti Ayu Bintang Darmawati mengatakan, kementeriannya akan mengevaluasi predikat Kota Layak Anak (KLA) di Depok.
Evaluasi dilakukan menyusul terjadinya kasus kekerasan seksual yang dialami anak 11 tahun berinisial DN. Anak perempuan tersebut diperkosa oleh A, ayah kandungnya.
""Sudah pasti ya. Nanti kita akan melihat itu,"" kata Bintang, saat memberikan keterangan, Selasa, (1/3/2022).
Baca juga: Sempat Kabur, Ayah yang Perkosa Anak Kandung di Depok Ditangkap Polisi
Namun Bintang menuturkan, predikat Kota Layak Anak tidak serta-merta dicabut hanya dengan melihat satu kasus.
Ia menekankan pentingnya aspek pencegahan kasus kekerasan seksual dan kebijakan pimpinan daerah yang berperspektif ramah anak.
""Tapi kita tidak hanya melihat satu kasus untuk mencabut predikat kota layak anak. Di sini kami melihat dari konsep memberikan perspektif ramah anak melalui kebijakan pimpinan luar biasa,"" tutur dia.
Menurut Bintang, saat ini Pemerintah Kota Depok telah memberikan ruang bagi anak untuk berekspresi melalui pembentukan Forum Anak hingga di tingkat kelurahan.
Adapun Kota Depok menyandang predikat nindya pada ajang penghargaan Kota Layak Anak pada 2021. Dengan demikian, empat tahun berturut-turut Depok mempertahankan predikat tersebut.
Secara umum, tolok ukur penilaian dibagi dalam dua indikator, yakni penguatan kelembagaan dan klaster hak anak.
""Sudah banyak inovasi yang dilakukan oleh Pemkot Depok ini,"" ucap Bintang.
Baca juga: Menteri PPPA Temui Anak yang Diperkosa Ayahnya di Depok, Ingin Pastikan Korban Dapat Keadilan
Sebelumnya diberitakan, Polres Metro Depok menangkap A pada Senin (28/2/2022) malam. Dikutip dari Kompas.id, ayah tiga anak itu mengaku kepada polisi bahwa dirinya telah melakukan perbuatan cabul terhadap anak sulungnya sejak awal 2021.
Ia melakukan perbuatan itu di rumahnya sendiri dan di rumah mertuanya atau nenek dari DN. Perbuatan terakhir ia lakukan pada 24 Februari lalu.
”Tanggal 24 Februari kemarin, A melakukan persetubuhan kepada anak kandungnya sendiri yang menggunakan modus mengancam dengan menggunakan senjata tajam golok,” kata Kepala Satuan Reserse Kriminal Polres Depok Ajun Komisaris Besar Yogen Heroes Baruno.
Mulanya A mengatakan kepada polisi dan wartawan, telah empat kali mencabuli dan memerkosa DN. Namun, pria sehari-hari bekerja sebagai kuli bangunan itu kemudian mengaku kekerasan seksual terhadap anaknya sudah dilakukan 20 kali.
”Saya ketagihan. Baru sekarang tahun 2022 yang pakai golok, buat nakut-nakutin saja biar mau. Itu saya lakuin di kamar. Istri saya lagi di warung, saya sama anak, adiknya main di depan berdua terus saya ancam pakai golok. Saya nyesal sekarang pas ketangkap,” tuturnya.
Baca juga: Pemerkosa Anak Kandung di Depok Disebut Sudah 20 Kali Lakukan Perbuatannya
Polisi menetapkan A sebagai tersangka. A terancam hukuman penjara 15 tahun berdasarkan Pasal 81 Undang-Undang Nomor 17 Tahun 2016 tentang Perlindungan Anak. A juga terancam pasal tambahan dengan ancaman penjara 5 tahun.
”Karena tersangka merupakan wali atau orangtua korban, hukumannya akan ditambah sepertiga dari ancaman,” kata Yogen.
Dapatkan update berita pilihan dan breaking news setiap hari dari Kompas.com. Mari bergabung di Grup Telegram ""Kompas.com News Update"", caranya klik link https://t.me/kompascomupdate, kemudian join. Anda harus install aplikasi Telegram terlebih dulu di ponsel.
"
Penjelasan Kemenkes Soal 18 Juta Vaksin Covid-19 Kedaluwarsa Akhir Februari,Kompas.com,01/03/2022,https://nasional.kompas.com/read/2022/03/01/23015311/penjelasan-kemenkes-soal-18-juta-vaksin-covid-19-kedaluwarsa-akhir-februari,"

JAKARTA, KOMPAS.com - Juru Bicara Vaksinasi Covid-19 dari Kementerian Kesehatan (Kemenkes) Siti Nadia Tarmizi mengatakan, pemerintah sudah mempercepat laju vaksinasi Covid-19, sejak terindentifikasi 18 juta dosis vaksin berpotensi kedaluwarsa pada akhir Februari 2021. ""Upaya-upaya percepatan itu sudah kita lakukan salah satunya adalah kita menggandeng TNI-Polri untuk vaksinasi,"" kata Nadia dalam konferensi pers secara virtual, Selasa (1/3/2022). Nadia mengatakan, pihaknya juga melakukan validasi terhadap stok vaksin di sistem pusat dan ditemukan beberapa daerah belum memperbarui data vaksinasi. ""Saat ini juga dalam proses. Rasanya tidak akan sampai 18 juta (vaksin kedaluwarsa) karena sudah banyak juga vaksinasi yang kita lakukan, dan ternyata banyak kab/kota yang sudah update vaksin yang akan expired ini,"" ujarnya.
Baca juga: Berapa Lama Vaksin Booster Pfizer dan Moderna Memberikan Perlindungan?  Lebih lanjut, Nadia mengatakan, Badan Pengawas Obat dan Makanan (BPOM) sedang melakukan kajian baru terkait penambahan masa edar Vaksin AstraZeneca sehingga jumlah dosis vaksin yang kedaluwarsa semakin sedikit. ""Jadi kemungkinan tidak sampai 18 juta,"" ucap dia Dikutip Kompas.tv, Menteri Kesehatan Budi Gunadi Sadikin menjelaskan, sebanyak 18 juta vaksin gratis akan jatuh tempo atau kedaluwarsa pada akhir Februari 2022 ini. Guna mengantisipasi hal itu, vaksin booster atau penguat terus digenjot di sejumlah wilayah. Hal itu di sampaikan Budi Gunadi Sadikin saat meninjau jalannya vaksinasi booster di Balai Sarwon, Cilandak Timur, Jakarta Selatan.
Baca juga: 116.000 Vaksin AstraZeneca di Bengkulu Kedaluwarsa Budi Gunadi menjelaskan, vaksin yang akan jatuh tempo atau expired dalam waktu dekat merupakan donasi dari negara maju. Menteri Kesehatan Budi Gunadi Sadikin juga menyebut, sepuluh juta vaksin booster yang sudah masuk ke wilayah Indonesia mulai Januari. Selain itu, kasus positif terkonfirmasi varian Omicron di wilayah Jakarta, Bali, dan Banten sudah menurun sementara Jawa Barat, Jawa Timur, dan Jawa Tengah sedang meningkat.
Dapatkan update berita pilihan dan breaking news setiap hari dari Kompas.com. Mari bergabung di Grup Telegram ""Kompas.com News Update"", caranya klik link https://t.me/kompascomupdate, kemudian join. Anda harus install aplikasi Telegram terlebih dulu di ponsel.
"
Masih Ada Cerita Anak Putus Sekolah...,Kompas.com,01/03/2022,https://nasional.kompas.com/read/2022/03/01/22313331/masih-ada-cerita-anak-putus-sekolah,"

 
ANGKA putus sekolah di Indonesia dalam laporan Kementerian Pendidikan, Kebudayaan,Riset, dan Teknologi memang justru turun selama pandemi dibanding tahun-tahun sebelum Covid-19 menyerbu dunia. Namun, ini tidak berarti bahwa pandemi tak punya kontribusi. 
Rio (13 tahun)—sebelumnya pelajar SMP di siswa SMP di Kabupaten Timor Tengah Utara, Nusa Tenggara Timur—, mengaku pembelajaran jarak jauh selama pandemi membuatnya patah semangat. Dia tak punya gawai buat belajar daring di rumah. 
Menurut Rio, dia dan teman-teman sebayanya jarang datang ke sekolah sekalipun tak bisa mengikuti pelajaran secara daring. Namun, bukan murid saja yang jarang datang ke sekolah.
""Guru-guru juga jarang datang, tapi kami bayar uang iuran terus. Kami bayar, tapi kami tidak dapat ilmu,” kata Rio, seperti dikutip harian Kompas edisi Selasa (1/3/2022).
Kasus putus sekolah selama pandemi tak hanya terjadi di tanah nun jauh dari Ibu Kota. Tim Berkas Kompas dari Kompas TV untuk edisi tayang Selasa (1/3/2022) malam, masih menemui anak di DKI Jakarta yang putus sekolah di kawasan Jakarta Utara.
Salah satunya, Denis. Bocah berumur sebelas tahun ini hanya menghabiskan waktu di rumah selama pandemi, sejak putus sekolah setahun lalu. Keluarganya, seperti kebanyakan warga di kawasan Muara Angke itu hanya bekerja serabutan, menjadi pemulung, atau nelayan.
""Sebelum Covid sudah susah penghasilannya. Kadang ada, kadang enggak. Kadang di rumah, sampai nganggur 10 hari. Entar ada yang manggil, ikut. Begitu saja,"" kata ayah Denis, Andri.
DOK BERKAS KOMPAS Berkas Kompas Aku Masih Ingin Sekolah di Kompas TV, Selasa (1/3/2022) malam. 
Punya anak empat, rumah masih mengontrak, dan kerja serabutan. Itu kondisi Andri. Bukan berarti dia tak ingin anaknya bersekolah.
""Dia pengin sekolah lagi. (Tapi) bapak ya keadaannya lagi begini. Enggak punya HP. Saya sih penginnya anaknya pintar-pintar. Bukan buat orang tua, (tapi) buat anak sendiri,"" ujar Andri lirih.
Sang anak, menjawab lebih ringkas lagi ketika ditanya keinginannya bersekolah lagi. ""Mau,"" jawab dia.
Ekonomi atau jenuh sekolah daring?
Persoalan ketidakmerataan akses teknologi serta kejenuhan belajar berperantara layar gadget dan jaringan internet memang sebuah persoalan. Meski demikian, kemiskinan tetap menempati sebab terdepan soal fenomena anak putus sekolah di Indonesia. 
Jajak pendapat Litbang Kompas yang digelar pada 10-13 Februari 2022, misalnya, memotret bahwa 70 persen kasus putus sekolah di Pulau Jawa selama pandemi adalah karena orangtua tidak bekerja atau anak harus membantu orangtuanya bekerja. Angka untuk luar Pulau Jawa lebih tinggi lagi. 
Masih dari jajak pendapat yang sama, faktor kejenuhan karena pembelajaran jarak jauh terlalu lama ""hanya"" menjadi faktor bagi 13,6 persen kasus putus sekolah di Indonesia selama pandemi. Meskipun, untuk luar Pulau Jawa, faktor kejenuhan ini menjadi sebab nomor dua setelah ketiadaan biaya. 
Kisah Faldo (13) dari Kupang, NTT, adalah contoh bahwa kemiskinan memang masih membayangi harapan anak-anak untuk bersekolah sesuai usianya. 
Faldo datang dari Soe, Kabupaten Timor Tengah Selatan, NTT. Dari Kota Kupang, jaraknya sekitar 110 kilometer. Siswa kelas VII SMP negeri itu harus putus sekolah karena tak bisa membayar uang komite sekolah senilai Rp 50.000 per bulan. 
Oleh ibunya, Faldo diminta merantau ke Kupang. Sang ibu sudah kesusahan menghidupi ketujuh anaknya sendirian. Ayah Faldo merantau ke Malaysia tetapi setahun terakhir tak pernah lagi mengirimkan uang untuk semua anaknya yang juga sudah putus sekolah. 
”Mau sekolah, tapi siapa yang bayar?"" ketika ditanya keinginannya bersekolah lagi, dalam artikel Mimpi yang Terkubur di Usia Belia, yang tayang di harian Kompas edisi Selasa (1/3/2022).
ARSIP KOMPAS/DDY/GUNAWAN Data anak putus sekolah di Indonesia pada 2016-2021, tayang di harian Kompas edisi Selasa (1/3/2022).
Badan PBB untuk Pendanaan Anak-anak (Unicef) menyebut, pandemi menyulut lonjakan kasus putus sekolah karena faktor kemiskinan.
Spesialis Pendidikan Unicef Indonesia, Suhaeni Kudus, dalam wawancara dengan tim Berkas Kompas dari Kompas TV menyatakan temuan organisasinya ada 70 persen anak putus sekolah selama pandemi disebabkan oleh faktor ekonomi. Sebelum pandemi, lanjut dia, faktor kemiskinan menyumbang 38 persen sebab kasus putus sekolah. 
Pemerhati pendidikan dari Jaringan Pemantau Pendidikan Indonesia (JPPI) Ubaid Matraji mengungkapkan situasi serupa. Menurut dia, kebanyakan yang terjadi adalah anak-anak yang tak bisa membayar biaya sekolah karena orangtuanya terdampak pandemi. 
""Juga ada faktor mereka harus bekerja karena orangtua di-PHK, (atau) karena usaha (orangtua) seret ketika pandemi maka anak bekerja,"" ungkap Ubaid kepada tim Berkas Kompas. 
Perkembangan situasi dunia yang menjadi serba digital terutama sepanjang pandemi Covid-19, imbuh Ubaid, memunculkan juga sejumlah anak yang putus sekolah karena menjadikan permainan di gawai sebagai segala-galanya. 
""Kecanduan game sehingga (baginya) game adalah segalanya. Buat apa sekolah. Di game itu mereka (merasa) punya teman banyak, punya komunitas, bisa transaksi, bisa mendapatkan uang,"" tutur Ubaid. 
Baca juga: Kecanduan Gadget dan Game Online Itu Nyata
Namun, ketiadaan biaya tetap masih menjadi alasan terbanyak dari kasus putus sekolah, tak terkecuali selama pandemi. 
Tantangan tak berhenti di pandemi
Kasus anak putus sekolah di Indonesia tidak unik hanya terjadi selama pandemi. Meskipun, sekali lagi, pandemi menjadi faktor tambahan bagi risiko anak putus sekolah.
Merujuk Pusat Data dan Teknologi Informasi (Pusdatin) Kementerian Pendidikan,  Kebudayaan,Riset, dan Teknologi, ada 38.116 siswa SD dan 15.042 siswa SMP putus sekolah hingga akhir 2021. Di jenjang SMA dan sederajat, tercatat 22.085 siswa putus sekolah pada periode yang sama. 
Kepala Pusdatin Kemendikbudristek M Hasan Chabibie, dalam wawancara dengan harian Kompas mengatakan, data kependidikan kini terintegrasi dengan data induk kependudukan, kemiskinan, dan kesehatan. Namun, dia tak menampik masih perlu peningkatan validitas data agar informasi yang tersedia sesuai dengan kenyataan di lapangan. 
”Siswa putus sekolah hanya salah satu dari masalah anak tidak sekolah yang didata. Selain itu, ada siswa lulus tapi tak melanjutkan ke jenjang berikutnya dan anak yang belum pernah sekolah,” kata Hasan tentang situasi ini, dalam artikel Angka Putus Sekolah Besar di harian Kompas edisi Selasa (1/3/2022). 
Meski sudah ada sejumlah program dari pemerintah pusat dan daerah untuk mendongkrak jangkauan pendidikan, fakta di lapangan masih mendapati anak-anak yang ""terlewat"" dan harus putus sekolah. 
Uluran tangan dari sejumlah kalangan juga bukan tidak ada. Beasiswa, sekolah gratis, dan aneka bentuk dukungan terus saja ada. Namun, tantangan belum usai. 
 
Naskah: Kompas.com/Palupi Annisa Auliani
Catatan:
Semua artikel harian Kompas yang dicuplik dalam tulisan ini dapat diakses publik melalui layanan Kompas Data. Adapun tayangan Berkas Kompas dapat disaksikan di Kompas TV 
 
 
Dapatkan update berita pilihan dan breaking news setiap hari dari Kompas.com. Mari bergabung di Grup Telegram ""Kompas.com News Update"", caranya klik link https://t.me/kompascomupdate, kemudian join. Anda harus install aplikasi Telegram terlebih dulu di ponsel.
"
Korban Pencurian 38 STNK dan BPKB Sudah Jalani Pemeriksaan di Polsek Ciledug,Kompas.com,01/03/2022,https://megapolitan.kompas.com/read/2022/03/01/22274511/korban-pencurian-38-stnk-dan-bpkb-sudah-jalani-pemeriksaan-di-polsek,"

TANGERANG, KOMPAS.com - Korban pencurian surat tanda nomor kendaraan (STNK) dan buku pemilik kendaraan bermotor (BPKB) di Kota Tangerang mengatakan, laporannya telah diterima Kepolisian Sektor (Polsek) Ciledug, pada Selasa (1/3/2022).
Korban bernama Ade Irawan kehilangan 38 STNK dan BPKB yang diletakkan dalam mobil. Mobil tersebut dibobol maling pada Jumat (25/2/2022).
Ade mengaku telah menjalani pemeriksaan di Polsek Ciledug pada Selasa siang hingga sore, sekitar pukul 17.30 WIB.
""Sudah di-BAP (berita acara pemeriksaan) tadi, mulai siang atau sore sampai jam 17.30 WIB di Polsek Ciledug,"" ujar Ade, saat dihubungi, Selasa.
Baca juga: Hendak Laporan Kehilangan 38 STNK dan BPKB, Korban Mengaku Dioper Sana-sini oleh Polisi
Dalam pemeriksaan tersebut, Ade membawa sejumlah dokumen yang diperlukan oleh kepolisian seperti beberapa foto dan fotokopi dokumen.
Dokumen yang dibawa, kata Ade, diperlukan untuk melengkapi syarat pelaporan ke polisi.
""Tadi bawa tiga (dokumen), ada beberapa foto sama fotokopi,"" tutur Ade.
Saat dikonfirmasi, Kasi Humas Polres Metro Tangerang Kota Kompol Abdul Rachim menuturkan laporan Ade sudah diterima oleh Polsek Ciledug.
Polisi juga telah memeriksa korban pada Selasa siang ini.
""(Korban) sudah diperiksa tadi siang di Polsek Ciledug,"" ungkapnya melalui telepon, Selasa.
Sebelumnya, Ade mengaku sudah mencoba melapor ke Polsek Ciledug. Namun, laporan itu sempat ditolak.
""Awalnya ditolak laporan, disuruh ke Polres (Metro Tangerang Kota). Akhirnya saya telepon Kanit di Polres, kebetulan kan yang piket saya kenal,"" ucap Ade.
Baca juga: Mobil Dibobol Maling di Ciledug, 38 STNK dan BPKB Raib Dibawa Kabur
Oleh Polres Metro Tangerang Kota, korban diarahkan untuk kembali ke tempat kejadian perkara (TKP) dan memotret kondisi mobilnya yang dibobol pencuri.
Setelah itu, Ade diarahkan kembali ke Polsek Ciledug. Namun, setibanya di sana, laporannya ditolak.
""Habis itu saya disuruh balik lagi ke Polsek. Saya pikir mau langsung di-BAP (berita acara pemeriksaan). Enggak tahunya alasannya dokumennya kurang lengkap, disuruh lengkapi dulu,"" ungkap Ade.
""Ya kita bingung, kita kan warga yang harusnya ditanggapi,"" sambung dia.
Dapatkan update berita pilihan dan breaking news setiap hari dari Kompas.com. Mari bergabung di Grup Telegram ""Kompas.com News Update"", caranya klik link https://t.me/kompascomupdate, kemudian join. Anda harus install aplikasi Telegram terlebih dulu di ponsel.
"
Polri Sebut Ada Ketidakcermatan dalam Proses Penetapan Nurhayati sebagai Tersangka,Kompas.com,01/03/2022,https://nasional.kompas.com/read/2022/03/01/22220421/polri-sebut-ada-ketidakcermatan-dalam-proses-penetapan-nurhayati-sebagai,"

 
JAKARTA, KOMPAS.com – Direktur Tipidkor Bareskrim Polri Brigjen Cahyono Wibowo menyampaikan, berdasarkan hasil gelar perkara ditemukan ketidakcermatan aparat penegak hukum terkait proses penetapkan tersangka Nurhayati. Adapun Nurhayati merupakan mantan bendahara Desa Citemu, Jawa Barat, menjadi tersangka setelah melaporkan kasus dugaan korupsi yang dilakukan eks kepala desanya, Supriyadi. “Kejaksaan Agung juga melakukan gelar perkara kasus tersebut, kemudian ini sama pendapatnya bahwa ada ketidakcermatan lah,” kata Cahyono kepada wartawan Selasa (1/3/2022).
Baca juga: Status Tersangka Nurhayati Resmi Dibatalkan Kejaksaan Negeri Cirebon Dalam kesempatan ini, Cahyono juga mengungkapkan hasil gelar perkara penyidik Bareskrim yang dilakukan pada 25 Februari 2022 lalu. Dalam gelar perkara itu, disebutkan bahwa Nurhayati memang melakukan perbuatan melanggar hukum, tetapi tidak ada niatan jahat. Maka itu, pihak Polri dan Kejagung pada malam hari ini melakukan pertemuan dalam rangka melakukan penyerahan tersangka dan barang bukti tahap II kasus Nurhayati. Ia menekankan, kedua aparat penegak hukum ini sepakat melanjutkan tahap II agar kasus Nurhayati bisa diterbitkan Surat Keterangan Penghentian Penuntutan (SKP2). “Sama-sama di tahap II-kan, yang selanjutnya oleh Kejaksaan Negeri akan dihentikan penuntutannya,” ujarnya.
Baca juga: Nurhayati Memang Lakukan Perbuatan Melanggar Hukum, tapi Tak Ada Niatan Jahat Secara terpisah, Kepala Divisi Humas Polri Irjen Dedi Prasetyo mengatakan, saat ini pihaknnya fokus menghentikan perkara Nurhayati, sehingga belum menindaklanjuti soal adanya ketidakcermatan yang dilakukan aparat. Dedi juga menyampaikan, kasus tersangka Nurhayati pun telah resmi dihentikan pada malam hari ini. “Kepada saudarai Nurhayati, tetap bisa bekerja dan melaksanakan aktivitas normal seperti biasa. Tidak perlu khawatir lagi, tidak perlu takut lagi, kasusnya sudah tuntas dan selesai malam hari ini juga,” tegas Dedi. Diberitakan sebelumnya, Nurhayati mengungkap dugaan penyelewengan anggaran desa lebih dari Rp 818 juta yang dilakukan Supriyadi.
Ia melaporkan dugaan tindak pidana korupsi itu ke polisi. Namun, selain menetapkan Supriyadi sebagai tersangka, Satuan Reserse Kriminal Kepolisian Resor Cirebon Kota juga menetapkan Nur sebagai tersangka pada akhir November 2021.
Baca juga: Polri dan Kejagung Resmi Hentikan Kasus Nurhayati Malam IniPolisi menduga Nurhayati melanggar Pasal 66 Peraturan Menteri Dalam Negeri Nomor 20 Tahun 2018 tentang Pengelolaan Keuangan Desa. Lewat video, Nurhayati mengaku kecewa dirinya dijadikan tersangka. Padahal, dia merupakan pelapor serta telah membantu pihak kepolisian dalam penyidikan kasus tersebut hampir dua tahun. “Di ujung akhir tahun 2021, saya ditetapkan sebagai tersangka atas dasar karena petunjuk dari Kajari (Kepala Kejaksaan Negeri) Sumber Cirebon,” ungkap Nurhayati.
Dapatkan update berita pilihan dan breaking news setiap hari dari Kompas.com. Mari bergabung di Grup Telegram ""Kompas.com News Update"", caranya klik link https://t.me/kompascomupdate, kemudian join. Anda harus install aplikasi Telegram terlebih dulu di ponsel.
"
LP3ES Sebut Wacana Perpanjangan Kekuasaan Sudah Ada Sejak 2019,Kompas.com,01/03/2022,https://nasional.kompas.com/read/2022/03/01/22124591/lp3es-sebut-wacana-perpanjangan-kekuasaan-sudah-ada-sejak-2019,"
JAKARTA, KOMPAS.com - Peneliti Pusat Studi Media dan Demokrasi Lembaga Penelitian, Pendidikan dan Penerangan Ekonomi dan Sosial (LP3ES) Wijayanto menyebut, wacana memperpanjang kekuasaan telah ada sejak tahun 2019. Wacana tersebut muncul dalam pertemuan Ketua Umum Partai Nasional Demokrat Surya Paloh dengan Ketua Umum Partai Gerindra Prabowo Subianto. “Wacana memperpanjang kekuasaan sudah ada 13 Oktober 2019, saat itu Surya Paloh bertemu Prabowo menyepakati adanya amandemen UUD 1945 salah satunya adalah wacana (perpanjangan jabatan) presiden 3 periode,” jelas Wijayanto dalam diskusi virtual bertajuk ""Menunda Pemilu, Membajak Demokrasi"", Selasa (1/3/2022).
Baca juga: Nasdem dan Gerindra Sepakat Amandemen UUD 1945 Secara Menyeluruh
KOMPAS.com/RAKHMAT NUR HAKIM Ketua Umum Gerindra Prabowo Subianto menemui Ketua Umum NasDem Surya Paloh
Setelah itu, lanjut Wijayanto, wacana soal memperpanjang kekuasaan terus bermunculan dengan narasi lain yaitu penundaan Pemilu 2024. “Wacana ini sudah ada sejak lama. Tahun 2019, lalu Maret 2021, Juni 2021 dan September 2021,” katanya.  Wijayanto menilai, usulan menunda Pemilu 2024 harus menjadi perhatian serius saat ini.
Baca juga: Wacana Penundaan Pemilu Dinilai Jadi Luas Karena Disebarkan Pihak yang Punya Konstituen Pasalnya, yang mengusulkan adalah beberapa ketua partai politik (parpol).  Bahkan wacana itu disambut oleh Ketua Umum Pengurus Besar Nahdlatul Ulama (PBNU) Ketua Umum Pengurus Besar Nahdlatul Ulama (PBNU) Yahya Cholil Staquf. “Jadi sepertinya cukup, cukup luas (wacana penundaan pemilu) karena (disebarkan) orang-orang yang punya konstituen. Apalagi ketua partai, tidak hanya punya konstituen tapi juga kursi di parlemen,” tutur dia.
Baca juga: Wacana Penundaan Pemilu Dinilai Jadi Luas Karena Disebarkan Pihak yang Punya Konstituen Diketahui Ketua Umum Partai Kebangkitan Bangsa (PKB) Muhaimin Iskandar, Ketua Umum Partai Amanat Nasional (PAN) Zulkifli Hasan mengusulkan penundaan pemilu.  Sementara Ketua Umum Partai Golkar Airlangga Hartanto mengaku mendapat masukan dari masyarakat untuk memperpanjang masa jabatan Presiden Joko Widodo. Ia menyebut akan menampung usulan itu namun masih perlu berkomunikasi dengan pemimpin parpol lainnya. Di sisi lain Sekretaris Jenderal (Sekjen) PDI Perjuangan Hasto Kristiyanto menegaskan pihaknya akan patuh pada konstitusi dengan tetap sepakat menjalankan Pemilu 2024.
Dapatkan update berita pilihan dan breaking news setiap hari dari Kompas.com. Mari bergabung di Grup Telegram ""Kompas.com News Update"", caranya klik link https://t.me/kompascomupdate, kemudian join. Anda harus install aplikasi Telegram terlebih dulu di ponsel.
"
Polres Depok Tindak Anggota Ormas yang Gunakan Rotator dan Sirene,Kompas.com,01/03/2022,https://megapolitan.kompas.com/read/2022/03/01/21594031/polres-depok-tindak-anggota-ormas-yang-gunakan-rotator-dan-sirene,"

DEPOK, KOMPAS.com - Tim Patroli Perintis Presisi Kepolisian Resor (Polres) Metro Depok menindak pengendara mobil yang diduga anggota organisasi kemasyarakatan (ormas) Forum Betawi Rempug (FBR), di Jalan Raya Bogor, Selasa (1/3/2022), sekitar pukul 02.15 WIB.
Ketua Tim Perintis Presisi Inspektur Polisi Satu (Iptu) Winam Agus mengatakan, pengendara tersebut ditindak karena mobilnya menggunakan lampu rotator dan sirene.
""Iya dari FBR. Mobil menggunakan rotator dan sirene yang bukan peruntukannya, selanjutnya dilakukan pemeriksaan, tidak ditemukan barang berbahaya,"" kata Winam kepada Kompas.com, Selasa (1/3/2022).
Baca juga: Operasi Patuh Jaya di Depok, Polisi Sasar Pengguna Lampu Rotator dan Pelat Sakti
Winam menuturkan, kendaraan dengan rotator dan sirene yang kerap digunakan oleh anggota FBR itu telah diamankan dua kali. Menurut dia, mobil tersebut dipakai saat malam hari untuk menghindari polisi.
""Sudah lama pakainya, namun untuk menghindari polisi mobil itu dipakai di malam hari. Ini sudah kita amankan dua kali, tahun lalu dan sekarang,"" ujarnya.
Lantaran telah melanggar dua kali, pengendara mobil tersebut ditilang oleh Satlantas Polsek Cimanggis.
Baca juga: Pahami Aturan Penggunaan Rotator dan Sirine
""Tahun lalu kami copot lampu rotator dan tulisan-tulisan, karena surat-surat mobilnya lengkap, kami lepaskan. Sekarang ditilang oleh anggota Cimanggis,"" ucap Winam.
""Diserahkan ke Polsek Cimanggis dan dilakukan penilangan oleh Satlantas Polsek Cimanggis,"" tutur dia.
Adapun lampu rotator, strobo, hingga sirene hanya boleh digunakan oleh instansi terkait seperti polisi, ambulans, pemadam kebakaran, dan lain sebagainya.
Dengan demikian, warga sipil atau pemilik sepeda motor atau mobil pribadi dilarang menggunakan aksesori tersebut.
Baca juga: Langgar Ganjil Genap hingga Pakai Rotator, 124 Kendaraan Berpelat Khusus RF Ditilang
Berdasarkan Undang-Undang Nomor 22 Tahun 2009 tentang Lalu Lintas dan Angkutan Jalan, penggunaan lampu isyarat disertai sirene boleh dipasang pada kendaraan yang mendapatkan hak utama.
Pengguna jalan yang memperoleh hak utama untuk didahulukan sesuai dengan urutan yakni:

Kendaraan pemadam kebakaran yang sedang melaksanakan tugas.
Ambulans yang mengangkut orang sakit.
Kendaraan untuk memberikan pertolongan pada kecelakaan lalu lintas.
Kendaraan pimpinan Lembaga Negara Republik Indonesia.
Kendaraan pimpinan dan pejabat negara asing serta lembaga internasional yang menjadi tamu negara.
Iring-iringan pengantar jenazah.
Konvoi dan/atau Kendaraan untuk kepentingan tertentu menurut pertimbangan petugas Kepolisian Negara Republik Indonesia.

Selanjutnya pada Pasal 135 ayat (1) disebutkan, kendaraan yang mendapat hak utama harus dikawal oleh petugas Kepolisian Negara Republik Indonesia, dan/atau menggunakan isyarat lampu merah atau biru dan bunyi sirene.
 
Dapatkan update berita pilihan dan breaking news setiap hari dari Kompas.com. Mari bergabung di Grup Telegram ""Kompas.com News Update"", caranya klik link https://t.me/kompascomupdate, kemudian join. Anda harus install aplikasi Telegram terlebih dulu di ponsel.
"
"Bareskrim Buka Peluang ""Tracing"" Aset Pacar hingga Keluarga Indra Kenz",Kompas.com,01/03/2022,https://nasional.kompas.com/read/2022/03/01/21362451/bareskrim-buka-peluang-tracing-aset-pacar-hingga-keluarga-indra-kenz,"

JAKARTA, KOMPAS.com – Direktur Tindak Pidana Ekonomis Khusus (Dirtipideksus) Bareskrim Polri Brigjen Whisnu Hermawan menyatakan, pihaknya bakal melakukan tracing dan menyita aset pacar hingga keluarga tersangka kasus Binomo, Indra Kesuma alias Indra Kenz. Whisnu menyampaikan, hal itu akan dilakukan apabila mereka terbukti menerima uang dari hasil tindak pidana pencucian uang (TPPU) yang dilakukan Indra Kenz. “Kita akan cek. Kalau pacarnya pun terima uang ya kita kejar, keluarganya punya uang kita kejar. Itu namanya tindak pidana pencucian uang,” kata Whisnu kepada wartawan, Selasa (1/2/2022).
Baca juga: Bareskrim Bakal Periksa 2 Afiliator Binomo Selain Indra Kenz Dalam rangka melakukan tracing aset tersebut, Bareskrim juga bekerja sama dengan Pusat Pelaporan dan Analisis Transaksi Keuangan (PPATK). Ia mengatakan, pihaknya kini tengah fokus melakukan tracing aset terhadap Indra Kenz dan akan menyita aset yang berkaitan dengan kasus Binomo. “Kalau dia tidak ada kaitannya ya enggak bisa dong (disita). Makanya kita tracing aset, kita lihat rekeningnya dia kasih uang ke pacar, semua terdata,” ujar dia.
Baca juga: Diduga Hasil Penipuan Binomo, Rumah Mewah Indra Kenz di Medan Bakal Disita Adapun Whisnu juga mengatakan, pihaknya telah memblokir 4 rekening Indra kenz dalam rangka melakukan tracing aset. Selain itu, ia memastikan pihaknya bakal mengungkap pengelola dari aplikasi berkedok trading binary option itu. Whisnu menyebut hingga saat ini Indra Kenz masih menutupi identitas para pengelola aplikasi Binomo, namun ia akan mengungkap itu. ""(Server) luar negeri, tapi main di sini juga. Tunggu waktu lah kita akan ungkap itu,” tuturnya.Adapun Indra Kenz ditetapkan menjadi tersangka kasus penipuan aplikasi Binomo. Penetapan tersangka dilakukan setelah Indra diperiksa penyidik selama kurang lebih 7 jam pada Kamis (24/2/2022).

Baca juga: Bareskrim Akan Jadwalkan Pemeriksaan Keluarga Indra Kenz Terkait Kasus BinomoKaro Penmas Divisi Humas Polri Brigjen Ahmad Ramadhan mengungkapkan, sejumlah barang bukti turut diperiksa dalam kasus itu, yakni akun media sosial Youtube Indra dan bukti transfer. Indra Kenz pun dikenakan pasal berlapis dan terancam hukuman 20 tahun penjara. Ia disangka Pasal 45 ayat 2 jo pasal 27 ayat 2 dan/atau Pasal 45 ayat 1 jo pasal 28 ayat 1 Undang-Undang Informasi Transaksi Elektronik (ITE). Lalu, Pasal 3 dan/atau Pasal 5 dan/atau Pasal 10 UU Nomor 8 Tahun 2010 tentang Pencegahan dan Pemberantasan Tindak Pidana Pencucian Uang (TPPU). Kemudian, Pasal 378 KUHP jo Pasal 55 KUHP.
Dapatkan update berita pilihan dan breaking news setiap hari dari Kompas.com. Mari bergabung di Grup Telegram ""Kompas.com News Update"", caranya klik link https://t.me/kompascomupdate, kemudian join. Anda harus install aplikasi Telegram terlebih dulu di ponsel.
"
Anies Kirim 80 Personel Satgas untuk Bantu Korban Gempa di Pasaman Barat,Kompas.com,01/03/2022,https://megapolitan.kompas.com/read/2022/03/01/21230561/anies-kirim-80-personel-satgas-untuk-bantu-korban-gempa-di-pasaman-barat,"

JAKARTA, KOMPAS.com - Gubernur DKI Jakarta Anies Baswedan memberangkatkan Satuan Tugas (Satgas) Kolaborasi Kemanusiaan untuk membantu korban gempa di Pasaman Barat, Sumatera Barat.
Apel pemberangkatan berlangsung di Kantor Badan Penanggulangan Bencana Daerah (BPBD) DKI Jakarta, Selasa (1/3/2022).
""Kita berkumpul di tempat ini karena ada saudara kita di lokasi yang berbeda pulau mengalami bencana alam,"" kata Anies, dikutip dari keterangan tertulis, Selasa.
Baca juga: Jalan Ambles, Bantuan bagi Ribuan Pengungsi Gempa di Pasaman Barat Terhambat
Satgas ini berjumlah 80 orang yang terdiri dari berbagai unsur perangkat daerah dan institusi, yakni 28 orang dari BPBD DKI, 15 orang dari Dinas Penanggulangan Kebakaran dan Penyelamatan (Gulkarmat DKI, dan enam orang dari Dinas Kesehatan DKI.
Kemudian, Dinas Sosial DKI mengirimkan enam orang, Satpol PP DKI Jakarta 15 orang, Dinas Kominfotik DKI 2 orang, Baznas (Bazis) DKI Jakarta lima orang, dan Ikatan Keluarga Minang sebanyak 3 orang.
Misi kemanusiaan ini berlangsung selama 10 hari, terhitung sejak hari ini hingga 10 Maret 2022.
Satgas juga membawa berbagai bantuan peralatan dan logistik, di antaranya 300 lembar terpal, 300 lembar matras tidur, dan 1.200 kaleng makanan siap saji.
Ada pula 300 kaleng makanan ringan, masker kain dan medis masing-masing 50.000 buah, 165 kasur, 100 velbed, 2.000 karung, dan 480 botol hand sanitizer.
Baca juga: BMKG Ingatkan Ancaman Bencana Hidrometeorologi Pasca Gempa Bumi di Pasaman Barat
Selain bantuan peralatan dan logistik, Satgas Kolaborasi Kemanusiaan juga akan memberikan dukungan pemulihan terhadap sarana dan prasarana yang terdampak gempa, layanan dukungan psikososial (LDP) dan layanan kesehatan bagi masyarakat di pengungsian.
Sementara, kendaraan dan sarana prasarana yang juga dibawa dalam misi kemanusiaan ini terdiri dari mobil operasional (4 unit), mobil ambulans (2 Unit), mobil bus personel (1 Unit), motor operasional (2 Unit), peralatan SAR perkotaan (1 paket), tenda pengungsi (2 unit), dan tenda dapur umum (1 Unit).
Anies mengatakan, pengiriman satgas ini juga merupakan bentuk solidaritas. Oleh karena itu, mantan Menteri Pendidikan dan Kebudayaan ini berpesan agar para anggota satgas yang bertugas dapat meninggalkan kesan positif.
Serta membantu warga menyelesaikan berbagai keluhan terkait bencana gempa dengan harapan akan muncul perasaan dan suasana yang positif dan kondusif dan mempercepat masyarakat Pasaman Barat bangkit dan pulih.
Baca juga: Seorang Relawan Gempa Meninggal Saat Antar Bantuan ke Pasaman Barat
""Dalam setiap interaksi, tinggalkan kesan positif, tinggalkan kesan yang menyenangkan, jangan pernah sedikitpun membawa perasaan negatif,"" ujar dia.
Gempa magnitudo 6,2 mengguncang Kabupaten Pasaman Barat, Sumatera Barat, pada Jumat, (25/2/2022).
Dapatkan update berita pilihan dan breaking news setiap hari dari Kompas.com. Mari bergabung di Grup Telegram ""Kompas.com News Update"", caranya klik link https://t.me/kompascomupdate, kemudian join. Anda harus install aplikasi Telegram terlebih dulu di ponsel.
"
Wacana Penundaan Pemilu Dinilai Jadi Luas Karena Disebarkan Pihak yang Punya Konstituen,Kompas.com,01/03/2022,https://nasional.kompas.com/read/2022/03/01/21105301/wacana-penundaan-pemilu-dinilai-jadi-luas-karena-disebarkan-pihak-yang-punya,"

JAKARTA, KOMPAS.com - Direktur Pusat Studi Media dan Demokrasi Lembaga Penelitian, Pendidikan dan Penerangan Ekonomi dan Sosial (LP3ES) Wijayanto mengatakan wacana penundaan pemilu telah dilakukan cukup luas.
Hal itu disampaikan Wijayanto dalam diskusi virtual bertajuk Menunda Pemilu, Membajak Demokrasi, Selasa (1/3/2022).
“Jadi sepertinya cukup, cukup luas (wacana penundaan pemilu) karena (disebarkan) orang-orang yang punya konstituen. Apalagi ketua partai, tidak hanya punya konstituen tapi juga kursi di parlemen,” sebut Wijayanto.
Ia memaparkan, wacana penundaan pemilu kali ini muncul dari tiga ketua umum partai politik (parpol).
Baca juga: KPU Diharapkan Pakai Sirekap untuk Rekapitulasi Pemilu
Pertama, Ketua Umum Partai Kebangkitan Bangsa Muhaimin Iskandar, Ketua Umum Partai Amanat Nasional (PAN) Zulkifli Hasan dan Ketua Umum Partai Golkar Airlangga Hartanto.
Kemudian wacana ini juga disebut masuk akal oleh Ketua Umum Pengurus Besar Nahdlatul Ulama (PBNU) Yahya Cholil Staquf.
Namun wacana ini bukan kali pertama terjadi. Wijayanto mengungkapkan setidaknya wacana penundaan pemilu dan perpanjangan masa jabatan presiden sudah terjadi sejak 13 Oktober 2019.
“Wacana memperpanjang kekuasaan sudah ada 13 Oktober 2019, saat itu Surya Paloh bertemu Prabowo menyepakati adanya amandemen UUD 1945 salah satunya adalah wacana (perpanjangan jabatan) presiden 3 periode,” jelas dia.
Berdasarkan catatan LP3ES, lanjut Wijayanto, wacana itu juga muncul di sejak awal 2021.
Baca juga: Parpol Pengusul Wacana Penundaan Pemilu Dinilai Tak Punya Kader Mumpuni Untuk 2024
“Wacana ini sudah ada sejak lama. Tahun 2019, lalu Maret 2021, Juni 2021 dan September 2021 maret 2021,” imbuhnya.
Wacana soal penundaan pemilu 2024 menimbulkan pro dan kontra.
Berbagai pihak menilai wacana ini tidak sesuai dengan konstitusi yang mengatur pemilu dilakukan setiap lima tahun sekali.
Bahkan wacana itu pun ditolak oleh PDI Perjuangan.
Sekretaris Jenderal PDI Perjuangan Hasto Kristiyanto menegaskan pihaknya tetap akan patuh pada konstitusi. Penundaan pemilu dinilainya hanya akan mengganggu stabilitas politik.
Dapatkan update berita pilihan dan breaking news setiap hari dari Kompas.com. Mari bergabung di Grup Telegram ""Kompas.com News Update"", caranya klik link https://t.me/kompascomupdate, kemudian join. Anda harus install aplikasi Telegram terlebih dulu di ponsel.
"
"Menteri PPPA Temui Anak yang Diperkosa Ayahnya di Depok, Ingin Pastikan Korban Dapat Keadilan",Kompas.com,01/03/2022,https://megapolitan.kompas.com/read/2022/03/01/21034271/menteri-pppa-temui-anak-yang-diperkosa-ayahnya-di-depok-ingin-pastikan,"
DEPOK, KOMPAS.com - Menteri Pemberdayaan Perempuan dan Perlindungan Anak (PPPA) I Gusti Ayu Bintang Darmawati menemui DN (11), anak yang diperkosa ayah kandungnya berinisial A, di Depok pada Selasa (1/3/2022).
Bintang menemui korban dan keluarganya untuk memastikan langsung kondisi mereka.
""Kami hadir di Depok untuk memastikan baik korban dan keluarganya mendapat keadilan. Kami sudah bertemu dengan korban, keluarganya, dan juga pelaku,"" kata Bintang.
Baca juga: Ayah Tega Perkosa Anaknya di Depok, Curi Kesempatan Saat Korban Terlelap
Selain itu, Bintang berujar, pihaknya melalui PPA daerah akan memberikan pendampingan secara penuh terhadap korban dan keluarganya.
""Kalau kita melihat korban kekerasan seksual, ini pendampingan psikososial (korban) sangat penting. Nah inilah yang intens kami lakukan melalui teman-teman PPPA di Depok ini untuk memberikan pendampingan psikososial terhadap korban,"" ujar dia.
Menurut Bintang, korban kekerasan seksual tak hanya terdampak kondisi psikologisnya, tetapi juga dihadapkan pada stigma yang kerap muncul di lingkungannya.
""Bagi korban kekerasan seksual ini biasanya dia mengalami kekerasan yang berlapis, mengalami stigma di lingkungannnya, kemudian di sekolah. Nah ini akan dikawal oleh PPPA,"" imbuhnya.
Baca juga: Pemerkosa Anak Kandung di Depok Disebut Sudah 20 Kali Lakukan Perbuatannya
Selain itu, dikatakan Bintang, pemerintah daerah sebelumnya telah melakukan sosialisasi terhadap lingkungan sekitar untuk tidak memberikan stigma bagi korban kekerasan seksual maupun keluarganya.
""Kemarin dari pihak pemerintah daerah sudah datang ke lingkungan untuk tidak memberikan stigma pada korban dan keluarga korban,"" pungkasnya.
Sebelumnya diberitakan, seorang ayah berinisial A diduga memerkosa anak kandungnya sendiri, DN (11), di Kota Depok.
Baca juga: Ayah Pemerkosa Anak Kandung di Depok Ancam Bunuh Adik-adik Korban jika Nafsunya Tak Dilayani
Pelaku disebut mengancam korban dengan senjata tajam (sajam) jika menolak berhubungan badan.
Tak hanya itu, pelaku juga mengancam akan membunuh kedua adiknya.
""Katanya (korban) diancam golok sama pisau dan ngancam adek-adeknya mau dibunuh kalau dia (korban) enggak melayani (hubungan badan) bapaknya,"" tutur ibu korban, DH, kepada wartawan, Senin (28/2/2022).
Pelaku disebut sudah 20 kali memerkosa korban sejak 2021. Pelaku kini sudah ditangkap oleh Polres Metro Depok.
Dapatkan update berita pilihan dan breaking news setiap hari dari Kompas.com. Mari bergabung di Grup Telegram ""Kompas.com News Update"", caranya klik link https://t.me/kompascomupdate, kemudian join. Anda harus install aplikasi Telegram terlebih dulu di ponsel.
"
"Macet Parah di Puncak Bogor, Satgas Covid-19: Pemerintah Tak Larang Berkegiatan, tapi...",Kompas.com,01/03/2022,https://nasional.kompas.com/read/2022/03/01/21033971/macet-parah-di-puncak-bogor-satgas-covid-19-pemerintah-tak-larang,"

JAKARTA, KOMPAS.com - Kemacetan parah terjadi di jalur utama destinasi wisata Puncak, Bogor, Jawa Barat pada periode libur long weekend 27-28 Februari 2022. Puluhan ribu orang terjebak macet di kawasan tersebut saat itu.
Menanggapi kerumunan warga tersebut, Juru Bicara Satuan Tugas (Satgas) Penanganan Covid-19 Wiku Adisasmito mengatakan, pemerintah tidak melarang masyarakat berkegiatan di luar rumah asalkan tetap disiplin menerapkan protokol kesehatan.
""Masyarakat boleh beraktivitas termasuk bermobilisasi jika berkomitmen menjaga protokol kesehatan baik saat sebelum dalam perjalanan, maupun saat sampai tujuan,"" kata Wiku dalam konferensi pers secara virtual, Selasa (1/3/2022).
Namun, Wiku meminta masyarakat yang akan beraktivitas di luar rumah untuk mengatur skala prioritas. Misalnya, menunda perjalanan khususnya bagi kelompok rentan seperti lansia.
Baca juga: Polri Evaluasi Kemacetan Total di Puncak Bogor Akhir Pekan Lalu
""Masyarakat dapat menghindari tempat-tempat kerumunan untuk dikunjungi serta menunda perjalanan khususnya bagi lansia sebagai kelompok rentan,"" ujarnya.
Sebelumnya diberitakan, kemacetan terjadi di sejumlah titik di jalur puncak Bogor, mulai dari wilayah Cisarua sampai Megamendung Gunung Mas, atau dari Kebun Teh menuju Taman Safari.
Dilansir dari Kompas Regional, Senin (28/2/2022), Kapolres Bogor AKBP Iman Imanuddin menuturkan bahwa faktor utama penyebab kemacetan dapat terjadi disebabkan peningkatan jumlah kendaraan akibat libur panjang, ditambah jalur yang relatif sempit untuk menampung seluruh kendaraan yang melintas.
Selain itu, terdapat juga kendaraan mogok di jalur yang sempit sehingga kemacetan lalu lintas semakin parah.
""Kebetulan mungkin karena libur panjang ya, terus volume kendaraan roda dua dan empat meningkat dan tadi siang (Minggu) sekitar jam 2 ada mobil mogok di enam titik yang berbeda, jadi terjadi penyempitan;"" ucap Iman.
Baca juga: Jalur Puncak II Bisa Jadi Solusi Kemacetan Berjam-jam
""Jalur ke atas ini kan ada dua lajur, nah karena yang mobil mogok itu memakan sebagian lajur ke arah atas sehingga ada kendaraan yang melambung untuk melewati mobil mogok itu,"" kata ia melanjutkan.
Di samping itu, Iman juga menjelaskan bahwa kepadatan lalu lintas terjadi karena wisatawan yang mengendarai sepeda motor banyak berhenti di bahu jalan sehingga menghambat arus pergerakan kendaraan.
""(Motor membludak) Iya itu juga karena memang lumayan banyak. Dan kebetulan dekat ke arah mobil mogok itu, sehingga penyempitan tak terhindarkan dan membuat kemacetan yang cukup lama,"" ucapnya.
Dapatkan update berita pilihan dan breaking news setiap hari dari Kompas.com. Mari bergabung di Grup Telegram ""Kompas.com News Update"", caranya klik link https://t.me/kompascomupdate, kemudian join. Anda harus install aplikasi Telegram terlebih dulu di ponsel.
"
Polri dan Kejagung Resmi Hentikan Kasus Nurhayati Malam Ini,Kompas.com,01/03/2022,https://nasional.kompas.com/read/2022/03/01/21010571/polri-dan-kejagung-resmi-hentikan-kasus-nurhayati-malam-ini,"

JAKARTA, KOMPAS.com – Kepala Divisi Humas Polri Irjen Dedi Prasetyo menyatakan kasus terkait penetapan tersangka korupsi Nurhayati resmi dihentikan per malam hari ini. Nurhayati merupakan mantan bendahara Desa Citemu, Jawa Barat, menjadi tersangka setelah melaporkan kasus dugaan korupsi yang dilakukan eks kepala desanya, Supriyadi. “Dari Jaksa akan melakukan SKP2 (Surat Keterangan Penghentian Penuntutan) malam hari ini juga. Jadi terkait kasus Nurhayati malam hari ini juga selesai,” kata Dedi kepada wartawan secara virtual, Selasa (1/3/2022). Dedi menyatakan, hal tersebut diputuskan berdasarkan hasil gelar perkara dan koordinasi dengan pihak Kejaksaan Agung (Kejagung).
Baca juga: Kabareskrim Sebut Nurhayati Tak Memiliki Niat Jahat Saat Laporkan Korupsi Ia menjelaskan, penghentikan kasus Nurhayati dilakukan dengan opsi melimpahkan ke pihak Kejaksaan Agung. Sebab, kasus tersebut sudah dinyatakan lengkap atau P21 sehingga perlu naik ke tahap II agar bisa diterbitkan Surat Keterangan Penghentian Penuntutan (SKP2). “Teknis penghentikan karena kasus ini sudah P21 tetap akan dilimpahkan ke Kejaksaan meski tidak dihadiri yang bersangkutan (Nurhayati) karena yang bersangkutan dalam hal ini sedang isoman,” ujarnya. Secara singkat, Direktur Tipidkor Bareskrim Polri Brigjen Cahyono Wibowo menjelaskan, pihaknya mengadakan gelar perkara kasus Nurhayati pada 25 Februari 2022 lalu. Dari hasil gelar perkara ditemukan bahwa Nurhayati terbukti melakukan pelanggaran administratif terkait tata kelola penggunaan anggaran APBDesa, namun tak memiliki niatan jahat. “Nurhayati memang ada perbuatan melanggar hukum tapi tidak ada niatan jahat,” ucap Cahyono.
Baca juga: Polri Sebut Penetapan Status Tersangka Nurhayati Sudah Sesuai Prosedur, tetapi... Diberitakan sebelumnya, Nurhayati mengungkap dugaan penyelewengan anggaran desa lebih dari Rp 818 juta yang dilakukan Supriyadi. Ia melaporkan dugaan tindak pidana korupsi itu ke polisi. Namun, selain menetapkan Supriyadi sebagai tersangka, Satuan Reserse Kriminal Kepolisian Resor Cirebon Kota juga menetapkan Nur sebagai tersangka pada akhir November 2021. Polisi menduga Nurhayati melanggar Pasal 66 Peraturan Menteri Dalam Negeri Nomor 20 Tahun 2018 tentang Pengelolaan Keuangan Desa. Lewat video, Nurhayati mengaku kecewa dirinya dijadikan tersangka. Padahal, dia merupakan pelapor serta telah membantu pihak kepolisian dalam penyidikan kasus tersebut hampir dua tahun. “Di ujung akhir tahun 2021, saya ditetapkan sebagai tersangka atas dasar karena petunjuk dari Kajari (Kepala Kejaksaan Negeri) Sumber Cirebon,” ungkap Nurhayati.
Baca juga: ICW Sebut Kasus Nurhayati Jadi Tersangka Bisa Surutkan Peran Publik Berantas Korupsi Kasus itu membuat banyak pihak keberatan. Salah satunya Lembaga Perlindungan Saksi dan Korban (LPSK). Wakil Ketua LPSK Maneger Nasution mengkhawatirkan, preseden buruk ini bakal menghambat upaya pemberantasan korupsi. Menurutnya, sebagai pelapor, Nurhayati semestinya diapresiasi. “Kasus ini membuat para pihak yang mengetahui tindak pidana korupsi tidak akan berani melapor, karena takut akan ditersangkakan seperti Nurhayati,” ujar Maneger dalam keterangan tertulis yang diterima Kompas.com, Senin lalu.
Dapatkan update berita pilihan dan breaking news setiap hari dari Kompas.com. Mari bergabung di Grup Telegram ""Kompas.com News Update"", caranya klik link https://t.me/kompascomupdate, kemudian join. Anda harus install aplikasi Telegram terlebih dulu di ponsel.
"
KPU Diharapkan Pakai Sirekap untuk Rekapitulasi Pemilu,Kompas.com,01/03/2022,https://nasional.kompas.com/read/2022/03/01/21004961/kpu-diharapkan-pakai-sirekap-untuk-rekapitulasi-pemilu,"
JAKARTA, KOMPAS.com- Guru Besar Ilmu Politik Universitas Airlangga Ramlan Surbakti menyayangkan Sistem Informasi Rekapitulasi Elektronik (Sirekap) belum digunakan untuk rekapitulasi hasil pemilihan umum (Pemilu).
Diharapkan, Sirekap bisa digunakan pada Pemilu nanti. 
Ramlan berpandangan, apabila Sirekap hanya digunakan untuk keperluan informal akan menambah beban kerja dan anggaran Komisi Pemilihan Umum (KPU).
""Sekarang kalau KPU mau sirekap untuk informal saja, tidak menjadi satu-satunya hasil pemilu resmi, itu menurut saya menambah beban kerja KPU dan anggaran,"" kata Ramlan saat menghadiri acara Kompas XYZ Forum secara virtual, Selasa (1/3/2022).
Baca juga: Perludem: Sirekap Perlu Dipertahankan dalam Pemilu, Harus Dikelola dengan Serius
Ramlan berpandangan, fungsi Sirekap untuk memberi informasi mengenai hasil pemilu kepada masyarakat sebenarnya sudah bisa diatasi oleh hitung cepat yang dilaksanakan oleh sejumlah lembaga survei.
Padahal, di sisi lain, Ramlan menilai Sirekap perlu dimanfaatkan untuk memotong proses rekapitulasi suara yang berjalan sangat lama.
""Itulah titik lemah pemilu kita, karena proses rekapitulasi paling panjang di dunia itu kita punya. Undang-undangnya mengatur begitu dan KPU tidak bisa mengubah itu, KPU mencoba memotong itu dengan Sirekap,"" ujar Ramlan.
Baca juga: Antisipasi KPPS Jadi Korban, KPU Sebut Sudah Batasi Usia Petugas dan Buat Sirekap
Ramlan pun mengusulkan agar KPU meminta pemerintah membuat peraturan pemerintah pengganti undang-undang agar Sirekap dapat digunakan untuk rekapitulasi hasil pemilu.
Sebelumnya, pada pelaksanaan Pemilihan Kepala Daerah 2020 lalu, penggunaan Sirekap hanya sebatas untuk membantu percepatan kerja KPU dan mempublikasikan hasil penghitungan suara.
Sementara, Hasil resmi penghitungan dan rekapitulasi suara pada Pilkada 2020 tetap didasarkan berita acara dan sertifikat hasil penghitungan dan rekapitulasi manual.
Dapatkan update berita pilihan dan breaking news setiap hari dari Kompas.com. Mari bergabung di Grup Telegram ""Kompas.com News Update"", caranya klik link https://t.me/kompascomupdate, kemudian join. Anda harus install aplikasi Telegram terlebih dulu di ponsel.
"
